movie_name,movie_date,movie_description,movie_rate,movie_director,movie_type,movie_lanuage,movie_star
肖申克的救赎,1994,希望让人自由。,794808人评价,弗兰克·德拉邦特 Frank Darabont,犯罪 剧情,美国,9.6
这个杀手不太冷,1994,怪蜀黍和小萝莉不得不说的故事。,762932人评价,吕克·贝松 Luc Besson,剧情 动作 犯罪,法国,9.4
霸王别姬,1993,风华绝代。,560714人评价,陈凯歌 Kaige Chen,剧情 爱情 同性,中国大陆 香港,9.5
阿甘正传,1994,一部美国近现代史。,657190人评价,Robert Zemeckis,剧情 爱情,美国,9.4
美丽人生,1997,最美的谎言。,379377人评价,罗伯托·贝尼尼 Roberto Benigni,剧情 喜剧 爱情 战争,意大利,9.5
千与千寻,2001,最好的宫崎骏，最好的久石让。 ,609274人评价,宫崎骏 Hayao Miyazaki,剧情 动画 奇幻,日本,9.2
辛德勒的名单,1993,拯救一个人，就是拯救整个世界。,351764人评价,史蒂文·斯皮尔伯格 Steven Spielberg,剧情 历史 战争,美国,9.4
泰坦尼克号,1997,失去的才是永恒的。 ,604178人评价,詹姆斯·卡梅隆 James Cameron,剧情 爱情 灾难,美国,9.2
盗梦空间,2010,诺兰给了我们一场无法盗取的梦。,713147人评价,克里斯托弗·诺兰 Christopher Nolan,剧情 动作 科幻 悬疑 冒险,美国 英国,9.2
机器人总动员,2008,小瓦力，大人生。,468446人评价,安德鲁·斯坦顿 Andrew Stanton,喜剧 爱情 科幻 动画 冒险,美国,9.3
海上钢琴师,1998,每个人都要走一条自己坚定了的路，就算是粉身碎骨。 ,560852人评价,朱塞佩·托纳多雷 Giuseppe Tornatore,剧情 音乐,意大利,9.2
三傻大闹宝莱坞,2009,英俊版憨豆，高情商版谢耳朵。,618095人评价,拉库马·希拉尼 Rajkumar Hirani,剧情 喜剧 爱情 歌舞,印度,9.1
忠犬八公的故事,2009,永远都不能忘记你所爱的人。,410624人评价,莱塞·霍尔斯道姆 Lasse Hallström,剧情,美国 英国,9.2
放牛班的春天,2004,天籁一般的童声，是最接近上帝的存在。 ,418320人评价,克里斯托夫·巴拉蒂 Christophe Barratier,剧情 音乐,法国 瑞士 德国,9.2
大话西游之大圣娶亲,1995,一生所爱。,425309人评价,刘镇伟 Jeffrey Lau,动作 冒险 喜剧 奇幻 爱情,香港 中国大陆,9.1
教父,1972,千万不要记恨你的对手，这样会让你失去理智。,319470人评价,弗朗西斯·福特·科波拉 Francis Ford Coppola,剧情 犯罪,美国,9.2
龙猫,1988,人人心中都有个龙猫，童年就永远不会消失。,389031人评价,宫崎骏 Hayao Miyazaki,动画 奇幻,日本,9.1
乱世佳人,1939,Tomorrow is another day.,252203人评价,Victor Fleming / George Cukor,剧情 爱情 战争,美国,9.2
楚门的世界,1998,如果再也不能见到你，祝你早安，午安，晚安。,410997人评价,彼得·威尔 Peter Weir,剧情 科幻,美国,9.0
天堂电影院,1988,那些吻戏，那些青春，都在影院的黑暗里被泪水冲刷得无比清晰。,289912人评价,朱塞佩·托纳多雷 Giuseppe Tornatore,剧情 爱情,意大利 法国,9.1
当幸福来敲门,2006,平民励志片。 ,502429人评价,加布里尔·穆奇诺 Gabriele Muccino,剧情 传记 家庭,美国,8.9
触不可及,2011,满满温情的高雅喜剧。,338683人评价,奥利维·那卡什 Olivier Nakache / 艾力克·托兰达 Eric Toledano   主...,剧情 喜剧,法国,9.1
搏击俱乐部,1999,邪恶与平庸蛰伏于同一个母体，在特定的时间互相对峙。,382532人评价,大卫·芬奇 David Fincher,剧情 动作 悬疑 惊悚,美国 德国,9.0
十二怒汉,1957,1957年的理想主义。 ,157062人评价,Sidney Lumet,剧情,美国,9.3
指环王3：王者无敌,2003,史诗的终章。,267462人评价,彼得·杰克逊 Peter Jackson,剧情 动作 奇幻 冒险,美国 新西兰,9.1
无间道,2002,香港电影史上永不过时的杰作。,365693人评价,刘伟强 / 麦兆辉,犯罪 悬疑 惊悚,香港,9.0
怦然心动,2010,真正的幸福是来自内心深处。,496882人评价,罗伯·莱纳 Rob Reiner,剧情 喜剧 爱情,美国,8.9
熔炉,2011,我们一路奋战不是为了改变世界，而是为了不让世界改变我们。,217393人评价,黄东赫 Dong-hyuk Hwang,剧情,韩国,9.2
罗马假日,1953,爱情哪怕只有一天。,359344人评价,威廉·惠勒 William Wyler,喜剧 剧情 爱情,美国,8.9
天空之城,1986,对天空的追逐，永不停止。 ,308185人评价,宫崎骏 Hayao Miyazaki,动画 奇幻 冒险,日本,9.0
少年派的奇幻漂流,2012,瑰丽壮观、无人能及的冒险之旅。,544465人评价,李安 Ang Lee,剧情 奇幻 冒险,美国 台湾 英国 加拿大,9.0
大话西游之月光宝盒,1995,旷古烁今。,363648人评价,刘镇伟 Jeffrey Lau,喜剧 动作 爱情 奇幻 冒险 古装,香港 中国大陆,8.9
鬼子来了,2000,对敌人的仁慈，就是对自己残忍。,208292人评价,姜文 Wen Jiang,剧情 战争,中国大陆,9.1
两杆大烟枪,1998,4个臭皮匠顶个诸葛亮，盖·里奇果然不是盖的。,256554人评价,Guy Ritchie,剧情 喜剧 犯罪,英国,9.0
飞屋环游记,2009,最后那些最无聊的事情，才是最值得怀念的。 ,468474人评价,彼特·道格特 Pete Docter,剧情 喜剧 动画 奇幻 冒险,美国,8.9
蝙蝠侠：黑暗骑士,2008,无尽的黑暗。,291584人评价,克里斯托弗·诺兰 Christopher Nolan,剧情 动作 科幻 犯罪 惊悚,美国 英国,9.0
飞越疯人院,1975,自由万岁。,259604人评价,米洛斯·福尔曼 Miloš Forman,剧情,美国,9.0
窃听风暴,2006,别样人生。,203694人评价,弗洛里安·亨克尔·冯·多纳斯马 Florian Henckel von Donnersmarck   ...,剧情 悬疑,德国,9.1
活着,1994,张艺谋最好的电影。,239401人评价,张艺谋 Yimou Zhang,剧情 家庭,中国大陆 香港,9.0
星际穿越,2014,爱是一种力量，让我们超越时空感知它的存在。,442791人评价,克里斯托弗·诺兰 Christopher Nolan,剧情 科幻 悬疑 冒险 家庭,美国 英国 加拿大,9.1
海豚湾,2009,海豚的微笑，是世界上最高明的伪装。,172420人评价,Louie Psihoyos,纪录片,美国,9.3
V字仇杀队,2005,一张面具背后的理想与革命。,381305人评价,詹姆斯·麦克特格 James McTeigue,剧情 动作 科幻 惊悚,美国 英国 德国,8.8
闻香识女人,1992,史上最美的探戈。,296496人评价,马丁·布莱斯 Martin Brest,剧情,美国,8.9
美丽心灵,2001,爱是一切逻辑和原由。,283764人评价,朗·霍华德 Ron Howard,传记 剧情,美国,8.9
教父2,1974,优雅的孤独。,172430人评价,弗朗西斯·福特·科波拉 Francis Ford Coppola,剧情 犯罪,美国,9.1
指环王2：双塔奇兵,2002,承前启后的史诗篇章。,253092人评价,彼得·杰克逊 Peter Jackson,剧情 动作 奇幻 冒险,美国 新西兰,8.9
指环王1：魔戒再现,2001,传说的开始。,282172人评价,彼得·杰克逊 Peter Jackson,剧情 动作 奇幻 冒险,新西兰 美国,8.9
哈尔的移动城堡,2004,带着心爱的人在天空飞翔。,318565人评价,宫崎骏 Hayao Miyazaki,爱情 动画 奇幻 冒险,日本,8.8
天使爱美丽,2001,法式小清新。 ,451887人评价,Jean-Pierre Jeunet,喜剧 爱情,法国 德国,8.7
情书,1995,暗恋的极致。,343258人评价,岩井俊二 Shunji Iwai,剧情 爱情,日本,8.8
死亡诗社,1989,当一个死水般的体制内出现一个活跃的变数时，所有的腐臭都站在了光明的对面。,252677人评价,彼得·威尔 Peter Weir,剧情,美国,8.9
美国往事,1984,往事如烟，无处祭奠。,160614人评价,Sergio Leone,犯罪 剧情,意大利 美国,9.1
七宗罪,1995,警察抓小偷，老鼠玩死猫。,406753人评价,大卫·芬奇 David Fincher,剧情 犯罪 悬疑 惊悚,美国,8.7
钢琴家,2002,音乐能化解仇恨。,187730人评价,罗曼·波兰斯基 Roman Polanski,剧情 传记 历史 战争,法国 德国 英国 波兰,9.0
狮子王,1994,动物版《哈姆雷特》。,260571人评价,Roger Allers / 罗伯·明可夫 Rob Minkoff,剧情 动画 冒险 歌舞 家庭,美国,8.9
勇敢的心,1995,史诗大片的典范。,277968人评价,梅尔·吉布森 Mel Gibson,动作 传记 剧情 历史 战争,美国,8.8
致命魔术,2006,孪生蝙蝠侠大战克隆金刚狼。,312843人评价,克里斯托弗·诺兰 Christopher Nolan,剧情 悬疑 惊悚,美国 英国,8.8
被嫌弃的松子的一生,2006,以戏谑来戏谑戏谑。,249715人评价,中岛哲也 Tetsuya Nakashima,剧情 歌舞,日本,8.9
剪刀手爱德华,1990,浪漫忧郁的成人童话。,450124人评价,Tim Burton,剧情 奇幻 爱情,美国,8.7
辩护人,2013,电影的现实意义大过电影本身。,176407人评价,杨宇硕 Woo-seok Yang,剧情,韩国,9.1
音乐之声,1965,用音乐化解仇恨，让歌声串起美好。,215110人评价,Robert Wise,剧情 爱情 歌舞 家庭 传记,美国,8.9
小鞋子,1999,奔跑的孩子是天使。,123083人评价,马基德·马基迪 Majid Majidi,剧情 家庭 儿童,伊朗,9.1
饮食男女,1994,人生不能像做菜，把所有的料都准备好了才下锅。,168224人评价,李安 Ang Lee,剧情 家庭,台湾 美国,9.0
控方证人,1957,比利·怀德满分作品。,66932人评价,比利·怀尔德 Billy Wilder,剧情 犯罪 悬疑,美国,9.6
低俗小说,1994,故事的高级讲法。,304032人评价,昆汀·塔伦蒂诺 Quentin Tarantino,剧情 喜剧 犯罪,美国,8.7
入殓师,2008,死可能是一道门，逝去并不是终结，而是超越，走向下一程。,298660人评价,泷田洋二郎 Yôjirô Takita,剧情,日本,8.8
沉默的羔羊,1991,安东尼·霍普金斯的顶级表演。,322308人评价,Jonathan Demme,剧情 犯罪 惊悚,美国,8.7
本杰明·巴顿奇事,2008,在时间之河里感受溺水之苦。,365502人评价,大卫·芬奇 David Fincher,剧情 爱情 奇幻,美国,8.7
蝴蝶效应,2004,人的命运被自己瞬间的抉择改变。,353336人评价,埃里克·布雷斯 Eric Bress / J·麦基·格鲁伯 J. Mackye Gruber   主...,剧情 悬疑 科幻 惊悚,美国 加拿大,8.7
黑客帝国,1999,视觉革命。,256049人评价,安迪·沃卓斯基 Andy Wachowski / 拉娜·沃卓斯基 Lana Wachowski   主...,动作 科幻,美国 澳大利亚,8.8
拯救大兵瑞恩,1998,美利坚精神输出大片No1.,214586人评价,史蒂文·斯皮尔伯格 Steven Spielberg,剧情 历史 战争,美国,8.8
玛丽和马克思,2009,你是我最好的朋友，你是我唯一的朋友 。,220196人评价,Adam Elliot,剧情 爱情 动画,澳大利亚,8.9
西西里的美丽传说,2000,美丽无罪。,311815人评价,朱塞佩·托纳多雷 Giuseppe Tornatore,剧情 战争 情色,意大利 美国,8.7
素媛,2013,受过伤害的人总是笑得最开心，因为他们不愿意让身边的人承受一样的痛苦。,151361人评价,李濬益 Jun-ik Lee,剧情 家庭,韩国,9.1
幽灵公主,1997,人与自然的战争史诗。,215196人评价,宫崎骏,动画 冒险 奇幻,日本,8.8
心灵捕手,1997,人生中应该拥有这样的一段豁然开朗。,243910人评价,格斯·范·桑特 Gus Van Sant,剧情,美国,8.7
第六感,1999,深入内心的恐怖，出人意料的结局。,212905人评价,M·奈特·沙马兰 M. Night Shyamalan,剧情 悬疑 恐怖,美国,8.8
阳光灿烂的日子,1994,一场华丽的意淫。,247245人评价,姜文 Wen Jiang,剧情,中国大陆 香港,8.7
让子弹飞,2010,你给我翻译翻译，神马叫做TMD的惊喜。,580225人评价,姜文 Wen Jiang,剧情 喜剧 动作 西部,中国大陆 香港,8.7
大鱼,2003,抱着梦想而活着的人是幸福的，怀抱梦想而死去的人是不朽的。,229982人评价,Tim Burton,剧情 家庭 奇幻 冒险,美国,8.7
射雕英雄传之东成西就,1993,百看不厌。 ,251521人评价,刘镇伟 Jeffrey Lau,喜剧 古装,香港,8.7
春光乍泄,1997,爱情纠缠，男女一致。,216868人评价,王家卫,剧情 爱情 同性,香港 日本 韩国,8.7
大闹天宫,1961,经典之作，历久弥新。,87091人评价,万籁鸣 Laiming Wan / 唐澄 Cheng  Tang,1978(全本),1964(下集),9.2
阳光姐妹淘,2011,再多各自牛逼的时光，也比不上一起傻逼的岁月。 ,245195人评价,姜炯哲 Hyeong-Cheol Kang,剧情 喜剧,韩国,8.8
重庆森林,1994,寂寞没有期限。,293229人评价,王家卫 Kar Wai Wong,剧情 爱情,香港,8.6
上帝之城,2002,被上帝抛弃了的上帝之城。,146367人评价,Kátia Lund / Fernando Meirelles,犯罪 剧情,巴西 法国,8.9
禁闭岛,2010,昔日翩翩少年，今日大腹便便。,324735人评价,Martin Scorsese,剧情 悬疑 惊悚,美国,8.6
甜蜜蜜,1996,逢只要一瞬间，等待却像是一辈子。,211208人评价,陈可辛 Peter Chan,剧情 爱情,香港,8.7
致命ID,2003,最不可能的那个人永远是最可能的。,285465人评价,James Mangold,剧情 悬疑 惊悚,美国,8.6
告白,2010,没有一人完全善，也没有一人完全恶。,309685人评价,中岛哲也 Tetsuya Nakashima,剧情 惊悚,日本,8.6
一一,2000,我们都曾经是一一。,139115人评价,杨德昌,剧情 爱情 家庭,台湾 日本,8.9
加勒比海盗,2003,约翰尼·德普的独角戏。,304161人评价,戈尔·维宾斯基 Gore Verbinski,动作 冒险 奇幻,美国,8.6
爱在黎明破晓前,1995,缘分是个连绵词，最美不过一瞬。,197149人评价,理查德·林克莱特 Richard Linklater,剧情 爱情,美国 奥地利 瑞士,8.7
萤火虫之墓,1988,幸福是生生不息，却难以触及的远。 ,187249人评价,高畑勋 Isao Takahata,动画 剧情 战争,日本,8.7
阿凡达,2009,绝对意义上的美轮美奂。,490292人评价,詹姆斯·卡梅隆 James Cameron,动作 冒险 奇幻 科幻,美国 英国,8.6
风之谷,1984,动画片的圣经。,160809人评价,宫崎骏 Hayao Miyazaki,科幻 动画 奇幻 冒险,日本,8.8
布达佩斯大饭店,2014,小清新的故事里注入了大历史的情怀。,273647人评价,韦斯·安德森 Wes Anderson,剧情 喜剧,美国 德国 英国,8.7
断背山,2005,每个人心中都有一座断背山。,291332人评价,李安 Ang Lee,剧情 爱情 同性 家庭,美国 加拿大,8.6
狩猎,2012,人言可畏。,106482人评价,托马斯·温特伯格 Thomas Vinterberg,剧情,丹麦 瑞典,9.0
爱在日落黄昏时,2004,九年后的重逢是世俗和责任的交叠，没了悸动和青涩，沧桑而温暖。,181057人评价,理查德·林克莱特 Richard Linklater,剧情 爱情,美国,8.7
侧耳倾听,1995,少女情怀总是诗。,150848人评价,近藤喜文 Yoshifumi Kondo,剧情 爱情 动画 音乐,日本,8.8
猫鼠游戏,2002,骗子大师和执著警探的你追我跑故事。 ,194384人评价,史蒂文·斯皮尔伯格 Steven Spielberg,传记 犯罪 剧情,美国 加拿大,8.7
摩登时代,1936,大时代中的人生，小人物的悲喜。,76323人评价,查理·卓别林 Charles Chaplin,喜剧 剧情 爱情,美国,9.2
驯龙高手,2010,和谐的生活离不开摸头与被摸头。,260701人评价,迪恩·德布洛斯 Dean DeBlois / 克里斯·桑德斯 Chris Sanders,喜剧 动画 奇幻 冒险 家庭,美国,8.7
海洋,2009,大海啊，不全是水。,93345人评价,雅克·贝汉 Jacques Perrin / 雅克·克鲁奥德 Jacques Cluzaud,纪录片,法国 瑞士 西班牙 美国 阿联酋,9.0
超脱,2011,穷尽一生，我们要学会的，不过是彼此拥抱。,154697人评价,托尼·凯耶 Tony Kaye,剧情,美国,8.7
末代皇帝,1987,“不要跟我比惨，我比你更惨”再适合这部电影不过了。,140899人评价,贝纳尔多·贝托鲁奇 Bernardo Bertolucci,剧情 传记 历史,意大利 中国大陆 英国 法国,8.8
哈利·波特与魔法石,2001,童话世界的开端。,220992人评价,Chris Columbus,奇幻 冒险,美国 英国,8.6
幸福终点站,2004,有时候幸福需要等一等。 ,208995人评价,史蒂文·斯皮尔伯格 Steven Spielberg,喜剧 剧情 爱情,美国,8.6
燃情岁月,1994,传奇，不是每个人都可以拥有。,139631人评价,爱德华·兹威克 Edward Zwick,剧情 爱情 西部 家庭,美国,8.8
谍影重重3,2007,像吃了苏打饼一样干脆的电影。,164904人评价,保罗·格林格拉斯 Paul Greengrass,动作 悬疑 冒险,美国 德国,8.7
电锯惊魂,2004,真相就在眼前。,181151人评价,詹姆斯·温 James Wan,犯罪 悬疑 惊悚,美国 澳大利亚,8.6
穿条纹睡衣的男孩,2008,尽管有些不切实际的幻想，这部电影依旧是一部感人肺腑的佳作。,121355人评价,马克·赫门 Mark Herman,剧情 战争,英国 美国,8.8
神偷奶爸,2010,Mr. I Don't Care其实也有Care的时候。,336992人评价,皮艾尔·柯芬 Pierre Coffin / 克里斯·雷纳德 Chris Renaud,儿童 喜剧 动画,美国,8.5
菊次郎的夏天,1999,从没见过那么流氓的温柔，从没见过那么温柔的流氓。,159064人评价,北野武 Takeshi Kitano,剧情 喜剧,日本,8.7
真爱至上,2003,爱，是个动词。,285477人评价,理查德·柯蒂斯 Richard Curtis,喜剧 剧情 爱情,英国 美国 法国,8.5
借东西的小人阿莉埃蒂,2010,曾经的那段美好会沉淀为一辈子的记忆。,196851人评价,米林宏昌 Hiromasa Yonebayashi,动画 奇幻 冒险,日本,8.7
虎口脱险,1966,永远看不腻的喜剧。,98617人评价,杰拉尔·乌里 Gérard Oury,喜剧 战争,法国 英国,8.9
岁月神偷,2010,岁月流逝，来日可追。,282697人评价,罗启锐 Alex Law,剧情 家庭,香港 中国大陆,8.6
雨人,1988,生活在自己的世界里，也可以让周围的人显得可笑和渺小。,193387人评价,巴瑞·莱文森 Barry Levinson,剧情,美国,8.6
倩女幽魂,1987,两张绝世的脸。 ,220867人评价,程小东 Siu-Tung Ching,剧情 爱情 武侠 古装,香港,8.6
贫民窟的百万富翁,2008,上帝之城+猜火车+阿甘正传+开心辞典=山寨富翁,369580人评价,丹尼·鲍尔 Danny Boyle / 洛芙琳·坦丹 Loveleen Tandan,剧情 爱情,英国 美国,8.5
七武士,1954,时代悲歌。,67686人评价,黑泽明 Akira Kurosawa,动作 冒险 剧情,日本,9.1
消失的爱人,2014,无,311048人评价,大卫·芬奇 David Fincher,剧情 犯罪 悬疑 惊悚,美国,8.7
记忆碎片,2000,一个针管引发的血案。,251966人评价,克里斯托弗·诺兰 Christopher Nolan,犯罪 剧情 悬疑 惊悚,美国,8.5
东邪西毒,1994,电影诗。,228217人评价,王家卫 Kar Wai Wong,剧情 动作 爱情 武侠 古装,香港 台湾,8.6
恐怖直播,2013,恐怖分子的“秋菊打官司”。,186867人评价,金秉祐 Byeong-woo Kim,剧情 犯罪 悬疑,韩国,8.7
疯狂原始人,2013,老少皆宜，这就是好莱坞动画的魅力。,341928人评价,科克·德·米科 Kirk De Micco / 克里斯·桑德斯 Chris Sanders   主演...,喜剧 动画 冒险,美国,8.7
怪兽电力公司,2001,不要给它起名字，起了名字就有感情了。,214403人评价,彼特·道格特 Pete Docter / 大卫·斯沃曼 David Silverman,喜剧 动画 儿童 奇幻,美国,8.6
杀人回忆,2003,关于连环杀人悬案的集体回忆。,183900人评价,奉俊昊 Joon-ho Bong,犯罪 剧情 悬疑 惊悚,韩国,8.6
穿越时空的少女,2006,爱上未来的你。 ,168743人评价,细田守 Mamoru Hosoda,剧情 爱情 科幻 动画,日本,8.6
卢旺达饭店,2004,当这个世界闭上双眼，他却敞开了怀抱。,106140人评价,特瑞·乔治 Terry George,剧情 历史 战争,英国 南非 意大利 美国,8.8
魂断蓝桥,1940,中国式内在的美国电影。,119424人评价,Mervyn LeRoy,剧情 战争 爱情,美国,8.8
红辣椒,2006,梦的勾结。,110211人评价,今敏 Satoshi Kon,动画 悬疑 科幻 惊悚,日本,8.8
恋恋笔记本,2004,爱情没有那么多借口，如果不能圆满，只能说明爱的不够。 ,250656人评价,尼克·卡索维茨 Nick Cassavetes,剧情 爱情,美国,8.5
黑天鹅,2010,黑暗之美。,382182人评价,达伦·阿罗诺夫斯基 Darren Aronofsky,剧情 惊悚,美国,8.5
猜火车,1996,不可猜的青春迷笛。 ,223465人评价,丹尼·鲍尔 Danny Boyle,犯罪 剧情,英国,8.5
英雄本色,1986,英雄泪短，兄弟情长。 ,131124人评价,吴宇森 John Woo,动作 犯罪,香港,8.7
傲慢与偏见,2005,爱是摈弃傲慢与偏见之后的曙光。,269884人评价,乔·怀特 Joe Wright,剧情 爱情,法国 英国 美国,8.4
喜宴,1993,中国家庭的喜怒哀乐忍。,119963人评价,李安,剧情 喜剧 爱情 同性 家庭,台湾 美国,8.7
教父3,1990,任何信念的力量，都无法改变命运。,116140人评价,弗朗西斯·福特·科波拉 Francis Ford Coppola,剧情 犯罪,美国,8.7
完美的世界,1993,坏人的好总是比好人的好来得更感人。,70125人评价,克林特·伊斯特伍德 Clint Eastwood,剧情 犯罪,美国,9.0
雨中曲,1952,骨灰级歌舞片。,83587人评价,Stanley Donen / Gene Kelly,喜剧 歌舞 爱情,美国,8.9
玩具总动员3,2010,跨度十五年的欢乐与泪水。,178421人评价,李·昂克里奇 Lee Unkrich,喜剧 动画 奇幻 冒险,美国,8.7
纵横四海,1991,香港浪漫主义警匪动作片的巅峰之作。,125471人评价,吴宇森 John Woo,剧情 喜剧 动作 犯罪,香港,8.7
人工智能,2001,对爱的执着，可以超越一切。,173092人评价,史蒂文·斯皮尔伯格 Steven Spielberg,冒险 剧情 科幻,美国,8.6
萤火之森,2011,触不到的恋人。,136499人评价,大森贵弘 Takahiro Omori,剧情 爱情 动画 奇幻,日本,8.7
我是山姆,2001,爱并不需要智商 。,90827人评价,杰茜·尼尔森 Jessie Nelson,剧情 家庭,美国,8.8
小森林 夏秋篇,2014,无,104752人评价,森淳一 Junichi Mori,剧情,日本,8.9
香水,2006,一个单凭体香达到高潮的男人。,250392人评价,汤姆·提克威 Tom Tykwer,剧情 犯罪 奇幻,德国 法国 西班牙 美国,8.4
喜剧之王,1999,我是一个演员。,267916人评价,周星驰 Stephen Chow / 李力持 Lik-Chi Lee,喜剧 剧情 爱情,香港,8.4
冰川时代,2002,松鼠才是角儿。,246542人评价,卡洛斯·沙尔丹哈 Carlos Saldanha / 克里斯·韦奇 Chris Wedge   主演...,喜剧 动画 冒险,美国,8.4
浪潮,2008,世界离独裁只有五天。,115704人评价,丹尼斯·甘塞尔 Dennis Gansel,剧情 惊悚,德国,8.7
撞车,2004,天使与魔鬼的冲撞。,159976人评价,保罗·哈吉斯 Paul Haggis,犯罪 剧情,美国 德国,8.6
哈利·波特与死亡圣器(下),2011,10年的完美句点。,247329人评价,大卫·叶茨 David Yates,剧情 悬疑 奇幻 冒险,美国 英国,8.6
7号房的礼物,2013,《我是山姆》的《美丽人生》。,148480人评价,李焕庆 Hwan-kyeong Lee,剧情 喜剧 家庭,韩国,8.6
秒速5厘米,2007,青春就是放弃和怀念。,261948人评价,新海诚 Makoto Shinkai,动画 剧情 爱情,日本,8.4
朗读者,2008,当爱情跨越年龄的界限，它似乎能变得更久远一点，成为一种责任，一种水到渠成的相濡以沫。 ,257045人评价,史蒂芬·戴德利 Stephen Daldry,剧情 爱情,美国 德国,8.5
碧海蓝天,1988,在那片深蓝中，感受来自大海的忧伤寂寞与美丽自由。,101491人评价,Luc Besson,剧情 爱情,法国 美国 意大利,8.7
追随,1998,诺兰的牛逼来源于内心散发出的恐惧。,69266人评价,克里斯托弗·诺兰 Christopher Nolan,犯罪 悬疑 惊悚,英国,9.0
花样年华,2000,偷情本没有这样美。,215911人评价,王家卫 Kar Wai Wong,剧情 爱情,香港 法国,8.4
罗生门,1950,人生的N种可能性。,108203人评价,黑泽明 Akira Kurosawa,犯罪 剧情 悬疑,日本,8.7
战争之王,2005,做一颗让别人需要你的棋子。,158661人评价,安德鲁·尼科尔 Andrew Niccol,剧情 犯罪,美国 法国,8.5
可可西里,2004,坚硬的信仰。,116489人评价,陆川 Chuan Lu,剧情 犯罪,中国大陆 香港,8.6
梦之安魂曲,2000,一场没有春天的噩梦。,98586人评价,达伦·阿伦诺夫斯基 Darren Aronofsky,剧情,美国,8.7
海盗电台,2009,生命不止，摇滚不死。,155190人评价,理查德·柯蒂斯 Richard Curtis,剧情 喜剧 音乐,英国 德国 法国,8.6
心迷宫,2014,无,131254人评价,忻钰坤 Yukun Xin,剧情 犯罪 悬疑,中国大陆,8.6
一次别离,2011,只有有信仰的人才能说出事实真相。,117884人评价,阿斯哈·法哈蒂  Asghar Farhadi,剧情 家庭,伊朗,8.7
唐伯虎点秋香,1993,华太师是黄霑，吴镇宇四大才子之一。,278194人评价,李力持 Lik-Chi Lee,喜剧 爱情 古装,香港,8.3
超能陆战队,2014,无,326820人评价,唐·霍尔 Don Hall / 克里斯·威廉姆斯 Chris Williams,喜剧 动作 科幻 动画 冒险,美国,8.6
谍影重重2,2004,谁说王家卫镜头很晃？,143305人评价,保罗·格林格拉斯 Paul Greengrass,动作 悬疑 冒险,美国 德国,8.5
谍影重重,2002,哗啦啦啦啦，天在下雨，哗啦啦啦啦，云在哭泣……找自己。,173862人评价,道格·里曼 Doug Liman,动作 悬疑 冒险,美国 德国 捷克,8.5
时空恋旅人,2013,把每天当作最后一天般珍惜度过，积极拥抱生活，就是幸福。,168064人评价,理查德·柯蒂斯 Richard Curtis,剧情 爱情 奇幻,英国,8.6
迁徙的鸟,2001,最美的飞翔。,48341人评价,雅克·贝汉 Jacques Perrin / 雅克·克鲁奥德 Jacques Cluzaud,纪录片,法国 德国 意大利 西班牙 瑞士,9.1
荒野生存,2007,出门必备：本草纲目。,115591人评价,西恩·潘 Sean Penn,冒险 传记 剧情,美国,8.6
地球上的星星,2007,天使保护事件始末。,69861人评价,阿米尔·汗 Aamir Khan / 阿莫尔·古普特 Amole Gupte,剧情 儿童 家庭,印度,8.8
绿里奇迹,1999,天使暂时离开。,95184人评价,Frank Darabont,犯罪 剧情 奇幻 悬疑,美国,8.7
阿飞正传,1990,王家卫是一种风格，张国荣是一个代表。,156580人评价,王家卫 Kar Wai Wong,犯罪 剧情 爱情,香港,8.5
蝙蝠侠：黑暗骑士崛起,2012,诺兰就是保证。,265811人评价,克里斯托弗·诺兰 Christopher Nolan,剧情 动作 科幻 犯罪 惊悚,美国 英国,8.5
勇闯夺命岛,1996,类型片的极致。 ,129173人评价,迈克尔·贝 Michael Bay,动作 冒险,美国,8.5
燕尾蝶,1996,现实与童话交相辉映的旅程。,100460人评价,岩井俊二 Shunji Iwai,犯罪 剧情,日本,8.6
恐怖游轮,2009,不要企图在重复中寻找已经失去的爱。,273927人评价,克里斯托弗·史密斯 Christopher Smith,剧情 悬疑 惊悚,英国 澳大利亚,8.3
荒蛮故事,2014,无,107732人评价,Damián Szifron,剧情 喜剧 犯罪,阿根廷 西班牙,8.7
惊魂记,1960,故事的反转与反转，分裂电影的始祖。,71470人评价,Alfred Hitchcock,悬疑 恐怖,美国,8.8
卡萨布兰卡,1942,与同名歌曲无关。,111815人评价,Michael Curtiz,剧情 爱情 战争,美国,8.6
魔女宅急便,1989,宫崎骏的电影总让人感觉世界是美好的，阳光明媚的。,171358人评价,宫崎骏 Hayao Miyazaki,动画 奇幻 冒险,日本,8.4
再次出发之纽约遇见你,2013,爱我就给我看你的播放列表。,142727人评价,约翰·卡尼 John Carney,喜剧 爱情 音乐,美国,8.5
英国病人,1996,"In memory, love lives forever...",161328人评价,安东尼·明格拉 Anthony Minghella,爱情 剧情 战争,美国 英国,8.4
这个男人来自地球,2007,科幻真正的魅力不是视觉效果能取代的。 ,155725人评价,理查德·沙因克曼 Richard Schenkman,剧情 科幻,美国,8.5
达拉斯买家俱乐部,2013,Jared Leto的腿比女人还美！,147533人评价,让-马克·瓦雷 Jean-Marc Vallée,剧情 传记 同性,美国,8.6
小森林 冬春篇,2015,无,90325人评价,森淳一 Junichi Mori,剧情,日本,8.9
变脸,1997,当发哥的风衣、墨镜出现在了凯奇身上⋯⋯,194952人评价,吴宇森 John Woo,动作 科幻 犯罪,美国,8.4
终结者2：审判日,1991,少见的超越首部的续集，动作片中的经典。,126781人评价,詹姆斯·卡梅隆 James Cameron,动作 科幻,美国 法国,8.5
叫我第一名,2008,乐观比一切都有力量。,98074人评价,彼得·维纳 Peter Werner,剧情 传记,美国,8.6
东京物语,1953,东京那么大，如果有一天走失了，恐怕一辈子不能再相见。,43188人评价,小津安二郎 Yasujirô Ozu,剧情 家庭,日本,9.2
E.T. 外星人,1982,生病的E.T.皮肤的颜色就像柿子饼。,136887人评价,Steven Spielberg,剧情 科幻 奇幻 冒险,美国,8.5
未麻的部屋,1997,好的剧本是，就算你猜到了结局也猜不到全部。,76800人评价,今敏 Satoshi Kon,动画 奇幻 惊悚,日本,8.8
被解救的姜戈,2012,热血沸腾，那个低俗、性感的无耻混蛋又来了。,235261人评价,昆汀·塔伦蒂诺 Quentin Tarantino,剧情 动作 西部 冒险,美国,8.5
牯岭街少年杀人事件,1991,弱者送给弱者的一刀。,89712人评价,杨德昌 Edward Yang,剧情 犯罪,台湾,8.7
末路狂花,1991,没有了退路，只好飞向自由。,90416人评价,雷德利·斯科特 Ridley Scott,犯罪 剧情 惊悚,美国 法国,8.7
穆赫兰道,2001,大卫·林奇的梦境迷宫。,208138人评价,大卫·林奇 David Lynch,剧情 悬疑 惊悚,法国 美国,8.3
爆裂鼓手,2014,无,202343人评价,达米安·沙泽勒 Damien Chazelle,剧情 音乐,美国,8.6
发条橙,1971,我完全康复了。,168094人评价,Stanley Kubrick,犯罪 剧情 科幻,英国 美国,8.4
哪吒闹海,1979,想你时你在闹海。,69642人评价,严定宪 Dingxian Yan / 王树忱 Shuchen Wang,冒险 动画 奇幻,中国大陆,8.8
忠犬八公物语,1987,养狗三日，便会对你终其一生。,46982人评价,Seijirô Kôyama,剧情,日本,9.0
非常嫌疑犯,1995,我不信仰上帝，但我敬畏上帝。,102885人评价,布莱恩·辛格 Bryan Singer,剧情 犯罪 悬疑 惊悚,德国 美国,8.6
源代码,2011,邓肯·琼斯继《月球》之后再度奉献出一部精彩绝伦的科幻佳作。,371301人评价,邓肯·琼斯 Duncan Jones,剧情 动作 科幻 犯罪 惊悚,美国 加拿大,8.3
黑客帝国3：矩阵革命,2003,不得不说，《黑客帝国》系列是商业片与科幻、哲学完美结合的典范。,136975人评价,Andy Wachowski / Larry Wachowski,动作 科幻,美国 澳大利亚,8.5
新龙门客栈,1992,嬉笑怒骂，调风动月。,162524人评价,李惠民 Raymond Lee,剧情 动作 武侠 古装,香港 中国大陆,8.4
美国丽人,1999,每个人的内心都是深不可测的大海。 ,166042人评价,萨姆·门德斯 Sam Mendes,剧情 家庭,美国,8.4
青蛇,1993,人生如此，浮生如斯。谁人言，花彼岸，此生情长意短。谁都是不懂爱的罢了。,192743人评价,徐克 Hark Tsui,剧情 奇幻 古装,香港,8.4
黄金三镖客,1966,最棒的西部片。,44351人评价,Sergio Leone,冒险 西部,意大利 西班牙 西德,9.1
上帝也疯狂,1980,纯净原始的笑与感动。,86638人评价,Jamie Uys,喜剧,博茨瓦纳 南非,8.6
爱·回家,2002,献给所有外婆的电影。,42384人评价,李廷香 Jeong-hyang Lee,剧情 儿童 家庭,韩国,9.1
无耻混蛋,2009,昆汀同学越来越变态了，比北野武还杜琪峰。,201085人评价,Quentin Tarantino,剧情 犯罪,美国 德国,8.4
勇士,2011,热血沸腾，相当完美的娱乐拳击大餐。,78787人评价,加文·欧康诺 Gavin O'Connor,剧情 运动 家庭,美国,8.9
初恋这件小事,2010,黑小鸭速效美白记。,411808人评价,Puttipong Promsaka Na Sakolnakorn / Wasin pokpong,喜剧 爱情,泰国,8.2
曾经,2006,有些幸福无关爱情。,186992人评价,约翰·卡尼 John Carney,剧情 音乐 爱情,爱尔兰,8.3
城市之光,1931,永远的小人物，伟大的卓别林。,36527人评价,Charles Chaplin,喜剧 剧情 爱情,美国,9.2
蓝色大门,2002,青春的窃窃私语。 ,250976人评价,易智言 Chih-yen Yee,剧情 爱情 同性,台湾 法国,8.2
麦兜故事,2001,麦兜是一只很哲学的猪。 ,116166人评价,袁建滔 Toe Yuen,剧情 喜剧 动画,香港,8.5
蝴蝶,2002,我们长途跋涉寻找的东西，有可能一直就在身边。 ,88563人评价,菲利普·穆伊尔 Philippe Muyl,剧情 儿童 喜剧,法国,8.6
暖暖内含光,2004,恋爱是一次神经的冒险。就算失去记忆，也会爱上你。,130665人评价,米歇尔·冈瑞 Michel Gondry,剧情 爱情 奇幻,美国,8.4
无敌破坏王,2012,迪士尼和皮克斯拿错剧本的产物。,167790人评价,瑞奇·莫尔 Rich Moore,喜剧 动画 冒险,美国,8.7
与狼共舞,1990,充满诗意与情怀的史诗作品。 ,51538人评价,Kevin Costner,冒险 剧情 西部,美国,8.9
巴黎淘气帮,2009,四百击的反面。,97286人评价,Laurent Tirard,儿童 喜剧 家庭,法国 比利时,8.6
大卫·戈尔的一生,2003,捍卫人权只是信仰，一点不妨碍其行为的残忍。,74841人评价,Alan Parker,剧情 犯罪 悬疑,美国 德国 英国,8.7
遗愿清单,2007,用剩余不多的时间，去燃烧整个生命。,110686人评价,罗伯·莱纳 Rob Reiner,冒险 喜剧 剧情,美国,8.5
国王的演讲,2010,皇上无话儿。,305566人评价,汤姆·霍珀 Tom Hooper,剧情 传记 历史,英国 澳大利亚 美国,8.3
血钻,2006,每个美丽事物背后都是滴血的现实。,113954人评价,Edward Zwick,剧情 惊悚 冒险,美国 德国,8.5
夜访吸血鬼,1994,弥漫淡淡血腥气的优雅。,180231人评价,尼尔·乔丹 Neil Jordan,剧情 奇幻 惊悚,美国,8.3
偷拐抢骗,2000,典型盖·里奇式的英国黑色幽默黑帮片。,104437人评价,盖·里奇 Guy Ritchie,喜剧 犯罪,英国 美国,8.5
两小无猜,2003,"Love me, if you dare. ",294772人评价,杨·塞谬尔 Yann Samuell,喜剧 剧情 爱情,法国 比利时,8.2
爱在暹罗,2007,把爱放在心底，有爱就有希望。,204978人评价,楚克‧萨克瑞科 Chukiat Sakveerakul,剧情 爱情 同性 家庭,泰国,8.3
荒岛余生,2000,一个人的独角戏。,117361人评价,罗伯特·泽米吉斯 Robert Zemeckis,冒险 剧情,美国,8.4
中央车站,1998,心灵救赎。,70344人评价,Walter Salles,剧情,巴西 法国,8.7
模仿游戏,2014,无,221425人评价,莫腾·泰杜姆 Morten Tyldum,剧情 传记 战争 同性,英国 美国,8.5
月球,2009,2009媲美《第九区》的又一部科幻神作。,127082人评价,邓肯·琼斯 Duncan Jones,剧情 科幻 悬疑,英国,8.5
罪恶之城,2005,权力不是来自枪和子弹，权力来自谎言。,129458人评价,弗兰克·米勒 Frank Miller / 罗伯特·罗德里格兹 Robert Rodriguez   ...,动作 犯罪 惊悚,美国,8.4
千钧一发,1997,一部能引人思考的科幻励志片。,71665人评价,安德鲁·尼科尔 Andrew Niccol,剧情 科幻,美国,8.7
疯狂的石头,2006,中国版《两杆大烟枪》。,272699人评价,宁浩 Hao Ning,喜剧 犯罪,中国大陆 香港,8.2
寿司之神,2011,仪式主义的狂欢，偏执狂的完胜。,71590人评价,大卫·贾柏 David Gelb,纪录片,美国,8.8
枪火,1999,一群演技精湛的戏骨，奉献出一个精致的黑帮小品，成就杜琪峰群戏的巅峰之作。,85389人评价,杜琪峰 Johnnie To,剧情 动作 犯罪,香港,8.6
我爱你,2011,你要相信，这世上真的有爱存在，不管在什么年纪 ,47852人评价,秋昌民 Chang-min Choo,剧情 爱情,韩国,9.0
廊桥遗梦,1995,这样确切的爱，一生只有一次。,86065人评价,Clint Eastwood,剧情 爱情,美国,8.5
爱在午夜降临前,2013,所谓爱情，就是话唠一路，都不会心生腻烦，彼此嫌弃。,98407人评价,理查德·林克莱特 Richard Linklater,剧情 爱情,美国,8.7
角斗士,2000,罗马斗兽场的鸦雀无声，久久停留在这样的肃穆中。,117382人评价,Ridley Scott,剧情 动作 历史 冒险,英国 美国,8.4
假如爱有天意,2003,琼瑶阿姨在韩国的深刻版。,207491人评价,郭在容 Jae-young Kwak,剧情 爱情,韩国,8.2
导盲犬小Q,2004,宠物的意义在于化解人的孤独。,110346人评价,崔洋一 Yoichi Sai,剧情,日本,8.4
黑鹰坠落,2001,还原真实而残酷的战争。,96239人评价,雷德利·斯科特 Ridley Scott,动作 历史 战争,美国,8.5
